URL,Last crawled
https://drivedojodrivingschool.com/learn-to-drive/driving-manoeuvres/parallel-parking,2026-08-06
https://drivedojodrivingschool.com/contact,2026-08-01
https://drivedojodrivingschool.com/blog?tag=insurance,2026-07-24
https://drivedojodrivingschool.com/blog?tag=pass fast,2026-07-22
https://drivedojodrivingschool.com/blog?tag=wet weather,2026-07-18
https://drivedojodrivingschool.com/blog?tag=East London driving school,2026-07-14
https://drivedojodrivingschool.com/blog?tag=driving school London,2026-07-14
https://drivedojodrivingschool.com/blog?tag=why choose drive dojo,2026-07-14
https://drivedojodrivingschool.com/blog?tag=Mercedes-Benz driving lessons,2026-07-14
https://drivedojodrivingschool.com/blog?category=Drive Dojo,2026-07-13
https://drivedojodrivingschool.com/blog?tag=Becontree,2026-07-11
https://drivedojodrivingschool.com/blog?tag=pass tips,2026-07-11
https://drivedojodrivingschool.com/blog?tag=hazard perception test,2026-07-08
https://drivedojodrivingschool.com/blog?tag=mock test,2026-07-08
https://drivedojodrivingschool.com/blog/where-to-find-good-driving-instructor,2026-07-05
https://drivedojodrivingschool.com/blog/east-london-test-centres-compared,2026-07-05