Top pages,Clicks,Impressions,CTR,Position
https://drivedojodrivingschool.com/,8,311,2.57%,30.58
https://drivedojodrivingschool.com/practical-test-prep/show-me-tell-me,5,212,2.36%,9.78
https://drivedojodrivingschool.com/blog/compare-driving-lesson-packages-budget,4,73,5.48%,13.42
http://drivedojodrivingschool.com/,2,97,2.06%,6.11
https://drivedojodrivingschool.com/driving-test-centres/goodmayes,1,465,0.22%,21.3
https://drivedojodrivingschool.com/driving-test-centres/wanstead,1,298,0.34%,16.23
https://drivedojodrivingschool.com/driving-test-centres/barking,1,97,1.03%,19.15
https://drivedojodrivingschool.com/booking/intensive,1,52,1.92%,27.38
https://drivedojodrivingschool.com/blog/top-driving-instructor-near-me-canary-wharf,0,209,0%,13.76
https://drivedojodrivingschool.com/refresher-driving-lessons,0,97,0%,57.15
https://drivedojodrivingschool.com/automatic-driving-lessons,0,82,0%,20.16
https://drivedojodrivingschool.com/blog/driving-lessons-forest-gate-e7,0,48,0%,15.96
https://drivedojodrivingschool.com/blog/how-much-driving-lessons-cost,0,48,0%,21.6
https://drivedojodrivingschool.com/blog/complete-guide-teenage-driving-lessons-london-2026,0,46,0%,10.15
https://drivedojodrivingschool.com/pass-plus-courses,0,41,0%,39.98
https://drivedojodrivingschool.com/contact,0,37,0%,24.05
https://drivedojodrivingschool.com/learn-to-drive/skills/roundabouts,0,34,0%,30.44
https://drivedojodrivingschool.com/international-licence-conversion,0,33,0%,10.91
https://drivedojodrivingschool.com/adi-blueprint,0,33,0%,11.36
https://drivedojodrivingschool.com/booking/10hour,0,31,0%,8.71
https://drivedojodrivingschool.com/blog/how-long-to-pass-driving-test-london,0,30,0%,11.57
https://drivedojodrivingschool.com/booking/payg,0,26,0%,17.54
https://drivedojodrivingschool.com/blog/choose-driving-instructor-east-london,0,19,0%,12.79
https://drivedojodrivingschool.com/blog/driving-lessons-stratford-e15,0,15,0%,11.73
https://drivedojodrivingschool.com/driving-test-centres/hornchurch,0,14,0%,12.93
https://drivedojodrivingschool.com/blog/failed-driving-test-goodmayes-what-to-do,0,12,0%,5.17
https://drivedojodrivingschool.com/blog/modern-mercedes-benz-vehicles-enhance-learning,0,12,0%,9.92
https://drivedojodrivingschool.com/blog/book-dvsa-driving-test-east-london,0,10,0%,8.8
https://drivedojodrivingschool.com/blog/driving-lessons-cost-east-london-2025,0,10,0%,10.2
https://drivedojodrivingschool.com/blog/what-to-expect-driving-lessons-east-london,0,10,0%,18.7
https://drivedojodrivingschool.com/booking/intensive-16hr,0,9,0%,10
https://drivedojodrivingschool.com/blog/how-many-driving-lessons-to-pass-test,0,8,0%,31.25
https://drivedojodrivingschool.com/female-driving-instructors,0,8,0%,57.88
https://drivedojodrivingschool.com/blog/driving-lessons-romford-rm7,0,7,0%,7.14
https://drivedojodrivingschool.com/blog/overcome-driving-anxiety-east-london,0,7,0%,17.71
https://drivedojodrivingschool.com/blog/how-many-driving-lessons-to-pass,0,7,0%,32.43
https://drivedojodrivingschool.com/blog/learn-to-drive-two-weeks-intensive,0,5,0%,9.6
https://drivedojodrivingschool.com/blog/mock-driving-test-east-london,0,5,0%,9.6
https://drivedojodrivingschool.com/blog/intensive-driving-course-ilford-guide,0,5,0%,10
https://drivedojodrivingschool.com/blog/why-are-driving-lessons-so-expensive,0,5,0%,15.6
https://drivedojodrivingschool.com/blog/pass-driving-test-goodmayes-tips,0,4,0%,7.75
https://drivedojodrivingschool.com/booking/intensive-30hr,0,4,0%,29.75
https://drivedojodrivingschool.com/blog/why-choose-drive-dojo-driving-lessons-london,0,3,0%,3.33
https://drivedojodrivingschool.com/about,0,3,0%,7.67
https://drivedojodrivingschool.com/intensive-driving-courses-ilford,0,3,0%,7.67
https://drivedojodrivingschool.com/blog/goodmayes-driving-test-pass-rate,0,3,0%,8.33
https://drivedojodrivingschool.com/blog/how-to-avoid-losing-driving-licence-uk-east-london,0,3,0%,12.67
https://drivedojodrivingschool.com/driving-test-centres/wood-green,0,2,0%,9
https://drivedojodrivingschool.com/blog/driving-lessons-barking-ig11,0,2,0%,10.5
https://drivedojodrivingschool.com/blog/driving-lessons-ilford-guide-2025,0,2,0%,16.5
https://drivedojodrivingschool.com/blog/theory-test-revision-tips-2025,0,2,0%,44.5
https://drivedojodrivingschool.com/blog/drive-dojo-online-booking-system-saves-time,0,1,0%,2
https://drivedojodrivingschool.com/blog/driving-lessons-walthamstow-e10,0,1,0%,5
https://drivedojodrivingschool.com/learn-to-drive/skills/emergency-stop,0,1,0%,6
https://drivedojodrivingschool.com/blog,0,1,0%,9
https://drivedojodrivingschool.com/east-london-automatic,0,1,0%,9
https://drivedojodrivingschool.com/blog/first-driving-lesson-what-to-expect,0,1,0%,10
https://drivedojodrivingschool.com/blog/understanding-dvsa-syllabus-driving-test-success,0,1,0%,10
https://drivedojodrivingschool.com/driving-test-centres/chingford,0,1,0%,10
https://drivedojodrivingschool.com/booking/intensive-40hr,0,1,0%,11
https://drivedojodrivingschool.com/blog/driving-lessons-east-ham-e6,0,1,0%,12
https://drivedojodrivingschool.com/blog/driving-lessons-dagenham-rm9,0,1,0%,21
https://drivedojodrivingschool.com/booking/intensive-35hr,0,1,0%,26
https://drivedojodrivingschool.com/booking/mocktest,0,1,0%,100