Top queries,Clicks,Impressions,CTR,Position
show me tell me questions flashcards,2,84,2.38%,11.15
show me tell me flashcards,2,24,8.33%,4.71
wanstead driving test centre pass rate,1,92,1.09%,11.34
driving lessons canary wharf,1,51,1.96%,25.41
driving lessons london,1,1,100%,1
goodmayes driving test centre pass rate,0,90,0%,12.1
pcv training in canary wharf,0,42,0%,73.86
driving dojo,0,26,0%,7.23
pcv training isle of dogs,0,25,0%,38.32
fast track hgv in canary wharf,0,24,0%,58.92
driving lessons in canary wharf,0,23,0%,31.43
pcv training canary wharf,0,23,0%,81.61
charlie brown roundabout wanstead,0,17,0%,8.47
driving instructor car hire isle of dogs london,0,17,0%,12.29
goodmayes pass rate,0,17,0%,13.94
goodmayes driving test pass rate,0,17,0%,21.53
barking driving test centre pass rate,0,16,0%,13.06
goodmayes test centre pass rate,0,15,0%,14.67
wanstead driving test pass rate,0,13,0%,9.85
tell me questions flashcards,0,12,0%,6.42
driving lessons isle of dogs,0,12,0%,7.58
driving lessons forest gate,0,11,0%,11.36
goodmayes driving test centre review,0,11,0%,46.36
wanstead test centre pass rate,0,10,0%,11.4
goodmayes pass rate driving,0,10,0%,11.8
automatic driving lessons goodmayes,0,10,0%,38.9
fast track hgv isle of dogs,0,10,0%,53.4
driving school near me,0,9,0%,1
goodmayes driving pass rate,0,9,0%,17.22
driving school canary wharf,0,8,0%,15.25
canary wharf driving lessons,0,8,0%,20
driving instructor goodmayes,0,8,0%,51.25
goodmayes driving test routes,0,7,0%,38.86
automatic driving lessons romford,0,7,0%,50.71
pcv training in isle of dogs,0,6,0%,39.5
goodmayes driving test centre,0,6,0%,39.83
barking test centre,0,6,0%,40.5
klarna driving lessons,0,5,0%,8.8
driving lessons goodmayes,0,5,0%,36.2
pass plus course,0,5,0%,67
how much does 2 hour automatic driving lessons cost,0,4,0%,21
wanstead driving test centre,0,4,0%,27.5
goodmayes driving lessons,0,4,0%,33
goodmayes driving test route,0,4,0%,34.5
driving instructor car hire west india quay london,0,4,0%,34.75
wanstead test centre,0,4,0%,38.25
driving lessons in e14,0,4,0%,43
goodmayes driving test centre reviews,0,4,0%,45.5
driving school in docklands,0,4,0%,46
goodmayes test centre,0,4,0%,46
driving lessons in goodmayes,0,4,0%,53
female driving instructors england,0,4,0%,86.75
wanstead pass rate,0,3,0%,11.33
driving lessons klarna,0,3,0%,13
is wanstead driving test hard,0,3,0%,24.33
wanstead roundabouts,0,3,0%,25.33
wanstead driving test,0,3,0%,33.67
goodmayes test route,0,3,0%,34.67
goodmayes test routes,0,3,0%,36.33
driving school docklands,0,3,0%,41.33
online video automatic driving lessons uk,0,3,0%,41.33
show me tell me questions quizlet,0,3,0%,41.67
driving lessons in docklands,0,3,0%,44
wanstead driving test routes,0,3,0%,45
wanstead test routes,0,3,0%,47.67
barking driving test centre,0,3,0%,49
goodmayes driving test centre ilford,0,3,0%,55
refresher driving lessons east central london,0,3,0%,77.67
driving lessons in limehouse,0,3,0%,87.33
automatic driving lessons canary wharf,0,2,0%,9
show me tell me flash cards,0,2,0%,9
goodmayes driving academy romford,0,2,0%,12
crash course driving ilford,0,2,0%,12.5
how much cost lessons on automatic driving,0,2,0%,34.5
compare driving lessons prices,0,2,0%,36
driving instructor car hire chadwell heath london,0,2,0%,43.5
wanstead driving test route,0,2,0%,44.5
driving test centre barking,0,2,0%,45
automatic driving lessons east london,0,2,0%,52
additional driving qualifications,0,2,0%,57.5
goodmayes driving test centre booking,0,2,0%,58
pass plus course london,0,2,0%,62
refresher driving lessons southwark,0,2,0%,78
driving instructor car hire temple fortune london,0,2,0%,86
driving instructor car hire cubitt town london,0,2,0%,87
driving instructor car hire canons park london,0,2,0%,87.5
driving lessons for 13 year olds,0,1,0%,1
oui,0,1,0%,3
dojo school,0,1,0%,5
а где дешевле всего,0,1,0%,6
charlie brown roundabout,0,1,0%,7
dojo instructor,0,1,0%,7
dojo tutor,0,1,0%,7
driving instructor car hire forest gate london,0,1,0%,8
driving instructor car hire blackwall london,0,1,0%,10
driving instructor car hire canary wharf london,0,1,0%,10
24 hour test drive london,0,1,0%,11
drivi,0,1,0%,11
can do driving school,0,1,0%,13
ricardos driving school,0,1,0%,14
wanstead roundabout,0,1,0%,15
goodmayes driving test,0,1,0%,18
wanstead driving centre,0,1,0%,20
domus driving school,0,1,0%,21
goodmayes driving test centre photos,0,1,0%,26
goodmayes driving instructor,0,1,0%,27
goodmayes driving school,0,1,0%,27
driving lessons docklands,0,1,0%,32
roundabouts lane discipline,0,1,0%,32
drive lesson,0,1,0%,33
driving conversion,0,1,0%,33
goodmayes driving test centre routes,0,1,0%,33
goodmayes test centre routes,0,1,0%,33
driving instructor holloway,0,1,0%,34
douglas driving academy,0,1,0%,35
how much does it cost to learn to drive in london,0,1,0%,35
conversion of driving license,0,1,0%,36
vinod driving school,0,1,0%,36
how much is a driving lesson per hour automatic,0,1,0%,37
waterworks roundabout wanstead,0,1,0%,37
driving school in e14,0,1,0%,43
how much are driving lessons in a automatic car,0,1,0%,45
how to approach roundabouts when driving,0,1,0%,45
wanstead dvsa driving test centre london reviews,0,1,0%,45
book driving test goodmayes,0,1,0%,46
lane discipline on roundabouts,0,1,0%,47
dvsa show me tell me,0,1,0%,48
wanstead dvsa driving test centre,0,1,0%,48
automatic driving lesson prices london,0,1,0%,49
barking quay driving test center,0,1,0%,49
wanstead test route,0,1,0%,49
roundabout lane discipline,0,1,0%,51
gregory drive,0,1,0%,53
dvsa tell me questions,0,1,0%,56
reality pass plus,0,1,0%,58
ambulance driver training isle of dogs,0,1,0%,59
driving test wanstead,0,1,0%,61
pass plus vs advanced driving,0,1,0%,62
automatic driving lessons in romford,0,1,0%,64
extra driving courses,0,1,0%,66
driving test booking goodmayes,0,1,0%,67
driving instructor car hire st johns london,0,1,0%,69
intensive driving course pay later,0,1,0%,69
driving lessons romford automatic,0,1,0%,70
refresher driving lessons haringey,0,1,0%,71
driving instructor car hire harold wood london,0,1,0%,75
automatic driving course,0,1,0%,82
driving instructor car hire barnes cray london,0,1,0%,82
driving instructor car hire furzedown london,0,1,0%,84
pass plus course price,0,1,0%,88
book practical lesson,0,1,0%,90
pass plus course cost,0,1,0%,91
pass plus driving course fees,0,1,0%,92
cost of driving lessons london,0,1,0%,98